SAND,FSF,SILT,CLAY,D60,D10,GMD,Cu,HC
73.6,43.15,22.172738,4.227262,0.357,0.023,0.338556,15.521739,
65.15,35.75,31.376872,3.473128,0.296,0.012,0.254367,24.666667,
64.15,28.8,28.099194,7.750806,0.398,0.005,0.213292,79.6,
66,38.6,26.773196,7.226804,0.266,0.006,0.232226,44.333333,
63.3,22.05,29.267657,7.432343,0.706,0.007,0.20889,100.857143,
